{
  "project_info": {
    "project_number": "399158019823",
    "project_id": "my-application-4b5da",
    "storage_bucket": "my-application-4b5da.appspot.com"
  },
  "client": [
    {
      "client_info": {
        "mobilesdk_app_id": "1:399158019823:android:861eb318565b941ab1fd1a",
        "android_client_info": {
          "package_name": "com.example.myapplication"
        }
      },
      "oauth_client": [
        {
          "client_id": "399158019823-j445c07pd9mbmq7bisr00pin3ncnt1lg.apps.googleusercontent.com",
          "client_type": 3
        }
      ],
      "api_key": [
        {
          "current_key": "AIzaSyAUDocMoEYtFFGK6AkHzBrWetJiQPH7KwU"
        }
      ],
      "services": {
        "appinvite_service": {
          "other_platform_oauth_client": [
            {
              "client_id": "399158019823-j445c07pd9mbmq7bisr00pin3ncnt1lg.apps.googleusercontent.com",
              "client_type": 3
            }
          ]
        }
      }
    }
  ],
  "configuration_version": "1"
}